filename,label
Image_1.jpg,SOUTHERN DOGFACE
Image_2.jpg,ADONIS
Image_3.jpg,BROWN SIPROETA
Image_4.jpg,MONARCH
Image_5.jpg,GREEN CELLED CATTLEHEART
Image_6.jpg,CAIRNS BIRDWING
Image_7.jpg,GREEN CELLED CATTLEHEART
Image_8.jpg,EASTERN DAPPLE WHITE
Image_9.jpg,BROWN SIPROETA
Image_10.jpg,RED POSTMAN
Image_11.jpg,MANGROVE SKIPPER
Image_12.jpg,BLACK HAIRSTREAK
Image_13.jpg,CABBAGE WHITE
Image_14.jpg,RED ADMIRAL
Image_15.jpg,PAINTED LADY
Image_16.jpg,MANGROVE SKIPPER
Image_17.jpg,PAPER KITE
Image_18.jpg,SOOTYWING
Image_19.jpg,PINE WHITE
Image_20.jpg,PEACOCK
Image_21.jpg,CHECQUERED SKIPPER
Image_22.jpg,JULIA
Image_23.jpg,COMMON WOOD-NYMPH
Image_24.jpg,BLUE MORPHO
Image_25.jpg,CLOUDED SULPHUR
Image_26.jpg,STRAITED QUEEN
Image_27.jpg,ORANGE OAKLEAF
Image_28.jpg,PURPLISH COPPER
Image_29.jpg,CLOUDED SULPHUR
Image_30.jpg,ATALA
Image_31.jpg,IPHICLUS SISTER
Image_32.jpg,CAIRNS BIRDWING
Image_33.jpg,CAIRNS BIRDWING
Image_34.jpg,BLACK HAIRSTREAK
Image_35.jpg,DANAID EGGFLY
Image_36.jpg,PAINTED LADY
Image_37.jpg,LARGE MARBLE
Image_38.jpg,DANAID EGGFLY
Image_39.jpg,PIPEVINE SWALLOW
Image_40.jpg,BLUE SPOTTED CROW
Image_41.jpg,LARGE MARBLE
Image_42.jpg,EASTERN DAPPLE WHITE
Image_43.jpg,LARGE MARBLE
Image_44.jpg,PAINTED LADY
Image_45.jpg,RED CRACKER
Image_46.jpg,QUESTION MARK
Image_47.jpg,CRIMSON PATCH
Image_48.jpg,BANDED PEACOCK
Image_49.jpg,CHECQUERED SKIPPER
Image_50.jpg,DANAID EGGFLY
Image_51.jpg,RED POSTMAN
Image_52.jpg,COMMON WOOD-NYMPH
Image_53.jpg,SCARCE SWALLOW
Image_54.jpg,DANAID EGGFLY
Image_55.jpg,ORANGE OAKLEAF
Image_56.jpg,COPPER TAIL
Image_57.jpg,GREAT JAY
Image_58.jpg,ORANGE OAKLEAF
Image_59.jpg,SCARCE SWALLOW
Image_60.jpg,QUESTION MARK
Image_61.jpg,INDRA SWALLOW
Image_62.jpg,BLUE SPOTTED CROW
Image_63.jpg,VICEROY
Image_64.jpg,MALACHITE
Image_65.jpg,IPHICLUS SISTER
Image_66.jpg,APPOLLO
Image_67.jpg,MANGROVE SKIPPER
Image_68.jpg,RED ADMIRAL
Image_69.jpg,TWO BARRED FLASHER
Image_70.jpg,ORANGE OAKLEAF
Image_71.jpg,MONARCH
Image_72.jpg,ATALA
Image_73.jpg,RED CRACKER
Image_74.jpg,MOURNING CLOAK
Image_75.jpg,PAINTED LADY
Image_76.jpg,PAPER KITE
Image_77.jpg,QUESTION MARK
Image_78.jpg,TWO BARRED FLASHER
Image_79.jpg,ADONIS
Image_80.jpg,SOOTYWING
Image_81.jpg,TROPICAL LEAFWING
Image_82.jpg,GREEN CELLED CATTLEHEART
Image_83.jpg,INDRA SWALLOW
Image_84.jpg,PAINTED LADY
Image_85.jpg,QUESTION MARK
Image_86.jpg,APPOLLO
Image_87.jpg,GREEN CELLED CATTLEHEART
Image_88.jpg,BLUE SPOTTED CROW
Image_89.jpg,PAPER KITE
Image_90.jpg,POPINJAY
Image_91.jpg,PIPEVINE SWALLOW
Image_92.jpg,ORANGE TIP
Image_93.jpg,COMMON WOOD-NYMPH
Image_94.jpg,CLOUDED SULPHUR
Image_95.jpg,CRIMSON PATCH
Image_96.jpg,GOLD BANDED
Image_97.jpg,SCARCE SWALLOW
Image_98.jpg,PAPER KITE
Image_99.jpg,CABBAGE WHITE
Image_100.jpg,COPPER TAIL
Image_101.jpg,BECKERS WHITE
Image_102.jpg,RED SPOTTED PURPLE
Image_103.jpg,COPPER TAIL
Image_104.jpg,ATALA
Image_105.jpg,BROWN SIPROETA
Image_106.jpg,DANAID EGGFLY
Image_107.jpg,MILBERTS TORTOISESHELL
Image_108.jpg,INDRA SWALLOW
Image_109.jpg,SILVER SPOT SKIPPER
Image_110.jpg,PURPLISH COPPER
Image_111.jpg,BROWN SIPROETA
Image_112.jpg,COMMON WOOD-NYMPH
Image_113.jpg,DANAID EGGFLY
Image_114.jpg,BLACK HAIRSTREAK
Image_115.jpg,RED POSTMAN
Image_116.jpg,CABBAGE WHITE
Image_117.jpg,AMERICAN SNOOT
Image_118.jpg,BECKERS WHITE
Image_119.jpg,CABBAGE WHITE
Image_120.jpg,MILBERTS TORTOISESHELL
Image_121.jpg,JULIA
Image_122.jpg,BLUE SPOTTED CROW
Image_123.jpg,AN 88
Image_124.jpg,MONARCH
Image_125.jpg,ULYSES
Image_126.jpg,MANGROVE SKIPPER
Image_127.jpg,RED SPOTTED PURPLE
Image_128.jpg,COMMON BANDED AWL
Image_129.jpg,CRECENT
Image_130.jpg,GOLD BANDED
Image_131.jpg,INDRA SWALLOW
Image_132.jpg,GREAT JAY
Image_133.jpg,SOUTHERN DOGFACE
Image_134.jpg,CLOUDED SULPHUR
Image_135.jpg,SILVER SPOT SKIPPER
Image_136.jpg,CABBAGE WHITE
Image_137.jpg,CLOUDED SULPHUR
Image_138.jpg,METALMARK
Image_139.jpg,TROPICAL LEAFWING
Image_140.jpg,GREEN CELLED CATTLEHEART
Image_141.jpg,SLEEPY ORANGE
Image_142.jpg,PURPLE HAIRSTREAK
Image_143.jpg,SLEEPY ORANGE
Image_144.jpg,ELBOWED PIERROT
Image_145.jpg,SOUTHERN DOGFACE
Image_146.jpg,RED POSTMAN
Image_147.jpg,PURPLISH COPPER
Image_148.jpg,CRECENT
Image_149.jpg,PURPLISH COPPER
Image_150.jpg,ORANGE TIP
Image_151.jpg,RED SPOTTED PURPLE
Image_152.jpg,GREAT EGGFLY
Image_153.jpg,MOURNING CLOAK
Image_154.jpg,MANGROVE SKIPPER
Image_155.jpg,ORCHARD SWALLOW
Image_156.jpg,GREEN CELLED CATTLEHEART
Image_157.jpg,ZEBRA LONG WING
Image_158.jpg,WOOD SATYR
Image_159.jpg,ZEBRA LONG WING
Image_160.jpg,CLOUDED SULPHUR
Image_161.jpg,PEACOCK
Image_162.jpg,ELBOWED PIERROT
Image_163.jpg,COMMON WOOD-NYMPH
Image_164.jpg,CABBAGE WHITE
Image_165.jpg,PURPLISH COPPER
Image_166.jpg,PEACOCK
Image_167.jpg,SOOTYWING
Image_168.jpg,RED POSTMAN
Image_169.jpg,MESTRA
Image_170.jpg,CRECENT
Image_171.jpg,EASTERN PINE ELFIN
Image_172.jpg,ORANGE OAKLEAF
Image_173.jpg,TROPICAL LEAFWING
Image_174.jpg,RED SPOTTED PURPLE
Image_175.jpg,QUESTION MARK
Image_176.jpg,MESTRA
Image_177.jpg,MILBERTS TORTOISESHELL
Image_178.jpg,MESTRA
Image_179.jpg,RED SPOTTED PURPLE
Image_180.jpg,PAINTED LADY
Image_181.jpg,ULYSES
Image_182.jpg,PIPEVINE SWALLOW
Image_183.jpg,SOOTYWING
Image_184.jpg,EASTERN DAPPLE WHITE
Image_185.jpg,RED ADMIRAL
Image_186.jpg,STRAITED QUEEN
Image_187.jpg,EASTERN COMA
Image_188.jpg,ELBOWED PIERROT
Image_189.jpg,BANDED PEACOCK
Image_190.jpg,TROPICAL LEAFWING
Image_191.jpg,BROWN SIPROETA
Image_192.jpg,EASTERN DAPPLE WHITE
Image_193.jpg,MESTRA
Image_194.jpg,SILVER SPOT SKIPPER
Image_195.jpg,EASTERN PINE ELFIN
Image_196.jpg,DANAID EGGFLY
Image_197.jpg,BLUE SPOTTED CROW
Image_198.jpg,SCARCE SWALLOW
Image_199.jpg,EASTERN PINE ELFIN
Image_200.jpg,STRAITED QUEEN
Image_201.jpg,EASTERN COMA
Image_202.jpg,MESTRA
Image_203.jpg,MANGROVE SKIPPER
Image_204.jpg,YELLOW SWALLOW TAIL
Image_205.jpg,PURPLISH COPPER
Image_206.jpg,IPHICLUS SISTER
Image_207.jpg,BLUE MORPHO
Image_208.jpg,METALMARK
Image_209.jpg,PURPLISH COPPER
Image_210.jpg,ORCHARD SWALLOW
Image_211.jpg,MILBERTS TORTOISESHELL
Image_212.jpg,SLEEPY ORANGE
Image_213.jpg,COMMON BANDED AWL
Image_214.jpg,GREEN CELLED CATTLEHEART
Image_215.jpg,BECKERS WHITE
Image_216.jpg,COMMON BANDED AWL
Image_217.jpg,BANDED PEACOCK
Image_218.jpg,ULYSES
Image_219.jpg,ULYSES
Image_220.jpg,CRECENT
Image_221.jpg,DANAID EGGFLY
Image_222.jpg,LARGE MARBLE
Image_223.jpg,POPINJAY
Image_224.jpg,PURPLISH COPPER
Image_225.jpg,MOURNING CLOAK
Image_226.jpg,GREAT EGGFLY
Image_227.jpg,COPPER TAIL
Image_228.jpg,SOOTYWING
Image_229.jpg,GOLD BANDED
Image_230.jpg,BLUE SPOTTED CROW
Image_231.jpg,RED POSTMAN
Image_232.jpg,CRIMSON PATCH
Image_233.jpg,CLEOPATRA
Image_234.jpg,MOURNING CLOAK
Image_235.jpg,LARGE MARBLE
Image_236.jpg,BLACK HAIRSTREAK
Image_237.jpg,CRECENT
Image_238.jpg,ELBOWED PIERROT
Image_239.jpg,AMERICAN SNOOT
Image_240.jpg,COPPER TAIL
Image_241.jpg,TROPICAL LEAFWING
Image_242.jpg,RED ADMIRAL
Image_243.jpg,PEACOCK
Image_244.jpg,STRAITED QUEEN
Image_245.jpg,BECKERS WHITE
Image_246.jpg,COPPER TAIL
Image_247.jpg,YELLOW SWALLOW TAIL
Image_248.jpg,GREEN CELLED CATTLEHEART
Image_249.jpg,MONARCH
Image_250.jpg,STRAITED QUEEN
Image_251.jpg,MOURNING CLOAK
Image_252.jpg,SILVER SPOT SKIPPER
Image_253.jpg,ATALA
Image_254.jpg,PEACOCK
Image_255.jpg,PURPLE HAIRSTREAK
Image_256.jpg,INDRA SWALLOW
Image_257.jpg,GREY HAIRSTREAK
Image_258.jpg,CHECQUERED SKIPPER
Image_259.jpg,ATALA
Image_260.jpg,CAIRNS BIRDWING
Image_261.jpg,CLOUDED SULPHUR
Image_262.jpg,PINE WHITE
Image_263.jpg,BECKERS WHITE
Image_264.jpg,COPPER TAIL
Image_265.jpg,MALACHITE
Image_266.jpg,BROWN SIPROETA
Image_267.jpg,ORCHARD SWALLOW
Image_268.jpg,ELBOWED PIERROT
Image_269.jpg,SOUTHERN DOGFACE
Image_270.jpg,PEACOCK
Image_271.jpg,PAPER KITE
Image_272.jpg,SLEEPY ORANGE
Image_273.jpg,BECKERS WHITE
Image_274.jpg,GOLD BANDED
Image_275.jpg,BROWN SIPROETA
Image_276.jpg,SCARCE SWALLOW
Image_277.jpg,EASTERN PINE ELFIN
Image_278.jpg,MOURNING CLOAK
Image_279.jpg,BLUE SPOTTED CROW
Image_280.jpg,ADONIS
Image_281.jpg,STRAITED QUEEN
Image_282.jpg,PAINTED LADY
Image_283.jpg,MOURNING CLOAK
Image_284.jpg,COMMON WOOD-NYMPH
Image_285.jpg,COMMON BANDED AWL
Image_286.jpg,BANDED ORANGE HELICONIAN
Image_287.jpg,ZEBRA LONG WING
Image_288.jpg,WOOD SATYR
Image_289.jpg,ELBOWED PIERROT
Image_290.jpg,AFRICAN GIANT SWALLOWTAIL
Image_291.jpg,MANGROVE SKIPPER
Image_292.jpg,SLEEPY ORANGE
Image_293.jpg,GREAT EGGFLY
Image_294.jpg,STRAITED QUEEN
Image_295.jpg,ATALA
Image_296.jpg,PINE WHITE
Image_297.jpg,BROWN SIPROETA
Image_298.jpg,RED ADMIRAL
Image_299.jpg,CAIRNS BIRDWING
Image_300.jpg,METALMARK
Image_301.jpg,CHESTNUT
Image_302.jpg,EASTERN COMA
Image_303.jpg,GREAT JAY
Image_304.jpg,APPOLLO
Image_305.jpg,CLODIUS PARNASSIAN
Image_306.jpg,ORCHARD SWALLOW
Image_307.jpg,GREAT JAY
Image_308.jpg,AMERICAN SNOOT
Image_309.jpg,SLEEPY ORANGE
Image_310.jpg,ELBOWED PIERROT
Image_311.jpg,EASTERN DAPPLE WHITE
Image_312.jpg,DANAID EGGFLY
Image_313.jpg,SLEEPY ORANGE
Image_314.jpg,DANAID EGGFLY
Image_315.jpg,GREY HAIRSTREAK
Image_316.jpg,EASTERN PINE ELFIN
Image_317.jpg,ATALA
Image_318.jpg,MONARCH
Image_319.jpg,ORANGE OAKLEAF
Image_320.jpg,ELBOWED PIERROT
Image_321.jpg,AN 88
Image_322.jpg,GREEN CELLED CATTLEHEART
Image_323.jpg,MOURNING CLOAK
Image_324.jpg,BLUE MORPHO
Image_325.jpg,APPOLLO
Image_326.jpg,CABBAGE WHITE
Image_327.jpg,IPHICLUS SISTER
Image_328.jpg,LARGE MARBLE
Image_329.jpg,ORANGE OAKLEAF
Image_330.jpg,ADONIS
Image_331.jpg,GREAT EGGFLY
Image_332.jpg,BLACK HAIRSTREAK
Image_333.jpg,EASTERN COMA
Image_334.jpg,RED CRACKER
Image_335.jpg,AMERICAN SNOOT
Image_336.jpg,EASTERN COMA
Image_337.jpg,BLACK HAIRSTREAK
Image_338.jpg,PINE WHITE
Image_339.jpg,CLODIUS PARNASSIAN
Image_340.jpg,SOUTHERN DOGFACE
Image_341.jpg,BROWN SIPROETA
Image_342.jpg,EASTERN DAPPLE WHITE
Image_343.jpg,AN 88
Image_344.jpg,SOUTHERN DOGFACE
Image_345.jpg,BLACK HAIRSTREAK
Image_346.jpg,TROPICAL LEAFWING
Image_347.jpg,BANDED PEACOCK
Image_348.jpg,ADONIS
Image_349.jpg,ATALA
Image_350.jpg,RED POSTMAN
Image_351.jpg,CHESTNUT
Image_352.jpg,GREAT JAY
Image_353.jpg,WOOD SATYR
Image_354.jpg,CABBAGE WHITE
Image_355.jpg,PINE WHITE
Image_356.jpg,INDRA SWALLOW
Image_357.jpg,ELBOWED PIERROT
Image_358.jpg,EASTERN PINE ELFIN
Image_359.jpg,MILBERTS TORTOISESHELL
Image_360.jpg,CLODIUS PARNASSIAN
Image_361.jpg,PEACOCK
Image_362.jpg,PURPLE HAIRSTREAK
Image_363.jpg,EASTERN COMA
Image_364.jpg,BECKERS WHITE
Image_365.jpg,QUESTION MARK
Image_366.jpg,COMMON BANDED AWL
Image_367.jpg,CHESTNUT
Image_368.jpg,BLACK HAIRSTREAK
Image_369.jpg,RED POSTMAN
Image_370.jpg,TWO BARRED FLASHER
Image_371.jpg,JULIA
Image_372.jpg,VICEROY
Image_373.jpg,SLEEPY ORANGE
Image_374.jpg,AFRICAN GIANT SWALLOWTAIL
Image_375.jpg,BANDED ORANGE HELICONIAN
Image_376.jpg,MALACHITE
Image_377.jpg,CLOUDED SULPHUR
Image_378.jpg,EASTERN COMA
Image_379.jpg,BLACK HAIRSTREAK
Image_380.jpg,ATALA
Image_381.jpg,ATALA
Image_382.jpg,CRECENT
Image_383.jpg,IPHICLUS SISTER
Image_384.jpg,ZEBRA LONG WING
Image_385.jpg,MONARCH
Image_386.jpg,ORANGE OAKLEAF
Image_387.jpg,AMERICAN SNOOT
Image_388.jpg,SOUTHERN DOGFACE
Image_389.jpg,MALACHITE
Image_390.jpg,CABBAGE WHITE
Image_391.jpg,CRECENT
Image_392.jpg,CHECQUERED SKIPPER
Image_393.jpg,CLODIUS PARNASSIAN
Image_394.jpg,SOOTYWING
Image_395.jpg,GREAT EGGFLY
Image_396.jpg,CABBAGE WHITE
Image_397.jpg,MOURNING CLOAK
Image_398.jpg,SLEEPY ORANGE
Image_399.jpg,GREAT EGGFLY
Image_400.jpg,BLUE SPOTTED CROW
Image_401.jpg,IPHICLUS SISTER
Image_402.jpg,RED POSTMAN
Image_403.jpg,MILBERTS TORTOISESHELL
Image_404.jpg,BLACK HAIRSTREAK
Image_405.jpg,GREAT EGGFLY
Image_406.jpg,BROWN SIPROETA
Image_407.jpg,ZEBRA LONG WING
Image_408.jpg,BANDED ORANGE HELICONIAN
Image_409.jpg,MONARCH
Image_410.jpg,BANDED PEACOCK
Image_411.jpg,PINE WHITE
Image_412.jpg,TROPICAL LEAFWING
Image_413.jpg,MOURNING CLOAK
Image_414.jpg,BLUE MORPHO
Image_415.jpg,VICEROY
Image_416.jpg,GREY HAIRSTREAK
Image_417.jpg,APPOLLO
Image_418.jpg,ZEBRA LONG WING
Image_419.jpg,PURPLE HAIRSTREAK
Image_420.jpg,BLUE MORPHO
Image_421.jpg,CAIRNS BIRDWING
Image_422.jpg,CABBAGE WHITE
Image_423.jpg,JULIA
Image_424.jpg,EASTERN PINE ELFIN
Image_425.jpg,COMMON BANDED AWL
Image_426.jpg,PAPER KITE
Image_427.jpg,METALMARK
Image_428.jpg,AFRICAN GIANT SWALLOWTAIL
Image_429.jpg,RED POSTMAN
Image_430.jpg,BROWN SIPROETA
Image_431.jpg,GREY HAIRSTREAK
Image_432.jpg,ORANGE OAKLEAF
Image_433.jpg,DANAID EGGFLY
Image_434.jpg,EASTERN DAPPLE WHITE
Image_435.jpg,YELLOW SWALLOW TAIL
Image_436.jpg,ORCHARD SWALLOW
Image_437.jpg,PURPLE HAIRSTREAK
Image_438.jpg,AFRICAN GIANT SWALLOWTAIL
Image_439.jpg,RED ADMIRAL
Image_440.jpg,EASTERN PINE ELFIN
Image_441.jpg,RED SPOTTED PURPLE
Image_442.jpg,SILVER SPOT SKIPPER
Image_443.jpg,BANDED ORANGE HELICONIAN
Image_444.jpg,PURPLISH COPPER
Image_445.jpg,GREAT JAY
Image_446.jpg,PURPLE HAIRSTREAK
Image_447.jpg,SOOTYWING
Image_448.jpg,BROWN SIPROETA
Image_449.jpg,ORANGE OAKLEAF
Image_450.jpg,VICEROY
Image_451.jpg,CAIRNS BIRDWING
Image_452.jpg,ADONIS
Image_453.jpg,SILVER SPOT SKIPPER
Image_454.jpg,SLEEPY ORANGE
Image_455.jpg,CLODIUS PARNASSIAN
Image_456.jpg,POPINJAY
Image_457.jpg,PAINTED LADY
Image_458.jpg,BANDED ORANGE HELICONIAN
Image_459.jpg,COMMON WOOD-NYMPH
Image_460.jpg,GREY HAIRSTREAK
Image_461.jpg,ADONIS
Image_462.jpg,RED POSTMAN
Image_463.jpg,RED SPOTTED PURPLE
Image_464.jpg,GREY HAIRSTREAK
Image_465.jpg,AN 88
Image_466.jpg,AFRICAN GIANT SWALLOWTAIL
Image_467.jpg,SOUTHERN DOGFACE
Image_468.jpg,AMERICAN SNOOT
Image_469.jpg,DANAID EGGFLY
Image_470.jpg,MALACHITE
Image_471.jpg,BROWN SIPROETA
Image_472.jpg,ATALA
Image_473.jpg,APPOLLO
Image_474.jpg,MESTRA
Image_475.jpg,PIPEVINE SWALLOW
Image_476.jpg,CLODIUS PARNASSIAN
Image_477.jpg,ULYSES
Image_478.jpg,CRECENT
Image_479.jpg,GREAT JAY
Image_480.jpg,JULIA
Image_481.jpg,PAPER KITE
Image_482.jpg,EASTERN DAPPLE WHITE
Image_483.jpg,ZEBRA LONG WING
Image_484.jpg,BLUE MORPHO
Image_485.jpg,RED CRACKER
Image_486.jpg,PEACOCK
Image_487.jpg,COMMON WOOD-NYMPH
Image_488.jpg,CHECQUERED SKIPPER
Image_489.jpg,BLACK HAIRSTREAK
Image_490.jpg,MILBERTS TORTOISESHELL
Image_491.jpg,TWO BARRED FLASHER
Image_492.jpg,ORCHARD SWALLOW
Image_493.jpg,IPHICLUS SISTER
Image_494.jpg,MOURNING CLOAK
Image_495.jpg,EASTERN PINE ELFIN
Image_496.jpg,METALMARK
Image_497.jpg,RED SPOTTED PURPLE
Image_498.jpg,MONARCH
Image_499.jpg,DANAID EGGFLY
Image_500.jpg,LARGE MARBLE
Image_501.jpg,METALMARK
Image_502.jpg,ULYSES
Image_503.jpg,COMMON WOOD-NYMPH
Image_504.jpg,AFRICAN GIANT SWALLOWTAIL
Image_505.jpg,BLACK HAIRSTREAK
Image_506.jpg,QUESTION MARK
Image_507.jpg,BANDED PEACOCK
Image_508.jpg,METALMARK
Image_509.jpg,BROWN SIPROETA
Image_510.jpg,ORANGE TIP
Image_511.jpg,COPPER TAIL
Image_512.jpg,POPINJAY
Image_513.jpg,INDRA SWALLOW
Image_514.jpg,ORCHARD SWALLOW
Image_515.jpg,YELLOW SWALLOW TAIL
Image_516.jpg,CAIRNS BIRDWING
Image_517.jpg,EASTERN PINE ELFIN
Image_518.jpg,JULIA
Image_519.jpg,RED CRACKER
Image_520.jpg,EASTERN DAPPLE WHITE
Image_521.jpg,BROWN SIPROETA
Image_522.jpg,MANGROVE SKIPPER
Image_523.jpg,RED CRACKER
Image_524.jpg,GREY HAIRSTREAK
Image_525.jpg,CAIRNS BIRDWING
Image_526.jpg,GREEN CELLED CATTLEHEART
Image_527.jpg,ORANGE TIP
Image_528.jpg,PEACOCK
Image_529.jpg,BROWN SIPROETA
Image_530.jpg,ZEBRA LONG WING
Image_531.jpg,ULYSES
Image_532.jpg,CLEOPATRA
Image_533.jpg,CHECQUERED SKIPPER
Image_534.jpg,AMERICAN SNOOT
Image_535.jpg,AN 88
Image_536.jpg,RED SPOTTED PURPLE
Image_537.jpg,EASTERN PINE ELFIN
Image_538.jpg,POPINJAY
Image_539.jpg,METALMARK
Image_540.jpg,APPOLLO
Image_541.jpg,COPPER TAIL
Image_542.jpg,GREAT JAY
Image_543.jpg,RED CRACKER
Image_544.jpg,MOURNING CLOAK
Image_545.jpg,METALMARK
Image_546.jpg,PEACOCK
Image_547.jpg,ATALA
Image_548.jpg,CRECENT
Image_549.jpg,GREEN CELLED CATTLEHEART
Image_550.jpg,INDRA SWALLOW
Image_551.jpg,APPOLLO
Image_552.jpg,EASTERN PINE ELFIN
Image_553.jpg,TROPICAL LEAFWING
Image_554.jpg,EASTERN PINE ELFIN
Image_555.jpg,ADONIS
Image_556.jpg,POPINJAY
Image_557.jpg,EASTERN COMA
Image_558.jpg,ORCHARD SWALLOW
Image_559.jpg,IPHICLUS SISTER
Image_560.jpg,RED POSTMAN
Image_561.jpg,EASTERN DAPPLE WHITE
Image_562.jpg,GREEN CELLED CATTLEHEART
Image_563.jpg,AMERICAN SNOOT
Image_564.jpg,BECKERS WHITE
Image_565.jpg,RED SPOTTED PURPLE
Image_566.jpg,SLEEPY ORANGE
Image_567.jpg,BANDED ORANGE HELICONIAN
Image_568.jpg,RED POSTMAN
Image_569.jpg,DANAID EGGFLY
Image_570.jpg,SOUTHERN DOGFACE
Image_571.jpg,PURPLISH COPPER
Image_572.jpg,ZEBRA LONG WING
Image_573.jpg,METALMARK
Image_574.jpg,CHESTNUT
Image_575.jpg,COMMON WOOD-NYMPH
Image_576.jpg,RED SPOTTED PURPLE
Image_577.jpg,SOOTYWING
Image_578.jpg,CRECENT
Image_579.jpg,BLACK HAIRSTREAK
Image_580.jpg,BECKERS WHITE
Image_581.jpg,ORCHARD SWALLOW
Image_582.jpg,MILBERTS TORTOISESHELL
Image_583.jpg,ELBOWED PIERROT
Image_584.jpg,PURPLE HAIRSTREAK
Image_585.jpg,PINE WHITE
Image_586.jpg,TROPICAL LEAFWING
Image_587.jpg,CLODIUS PARNASSIAN
Image_588.jpg,MOURNING CLOAK
Image_589.jpg,ZEBRA LONG WING
Image_590.jpg,MILBERTS TORTOISESHELL
Image_591.jpg,RED CRACKER
Image_592.jpg,SOOTYWING
Image_593.jpg,CLODIUS PARNASSIAN
Image_594.jpg,VICEROY
Image_595.jpg,CRIMSON PATCH
Image_596.jpg,GREEN CELLED CATTLEHEART
Image_597.jpg,ATALA
Image_598.jpg,CHESTNUT
Image_599.jpg,RED SPOTTED PURPLE
Image_600.jpg,AFRICAN GIANT SWALLOWTAIL
Image_601.jpg,TROPICAL LEAFWING
Image_602.jpg,MESTRA
Image_603.jpg,RED POSTMAN
Image_604.jpg,MANGROVE SKIPPER
Image_605.jpg,ZEBRA LONG WING
Image_606.jpg,CABBAGE WHITE
Image_607.jpg,INDRA SWALLOW
Image_608.jpg,INDRA SWALLOW
Image_609.jpg,CRECENT
Image_610.jpg,SLEEPY ORANGE
Image_611.jpg,CAIRNS BIRDWING
Image_612.jpg,VICEROY
Image_613.jpg,BECKERS WHITE
Image_614.jpg,EASTERN COMA
Image_615.jpg,PAINTED LADY
Image_616.jpg,SILVER SPOT SKIPPER
Image_617.jpg,CLODIUS PARNASSIAN
Image_618.jpg,MESTRA
Image_619.jpg,SCARCE SWALLOW
Image_620.jpg,LARGE MARBLE
Image_621.jpg,AFRICAN GIANT SWALLOWTAIL
Image_622.jpg,MILBERTS TORTOISESHELL
Image_623.jpg,GREAT JAY
Image_624.jpg,ADONIS
Image_625.jpg,MOURNING CLOAK
Image_626.jpg,COMMON WOOD-NYMPH
Image_627.jpg,ORANGE TIP
Image_628.jpg,ORANGE OAKLEAF
Image_629.jpg,CHECQUERED SKIPPER
Image_630.jpg,COMMON WOOD-NYMPH
Image_631.jpg,ORANGE TIP
Image_632.jpg,APPOLLO
Image_633.jpg,BANDED ORANGE HELICONIAN
Image_634.jpg,DANAID EGGFLY
Image_635.jpg,COPPER TAIL
Image_636.jpg,SCARCE SWALLOW
Image_637.jpg,PEACOCK
Image_638.jpg,PEACOCK
Image_639.jpg,CABBAGE WHITE
Image_640.jpg,ELBOWED PIERROT
Image_641.jpg,SOUTHERN DOGFACE
Image_642.jpg,RED SPOTTED PURPLE
Image_643.jpg,SOOTYWING
Image_644.jpg,JULIA
Image_645.jpg,RED POSTMAN
Image_646.jpg,CHESTNUT
Image_647.jpg,TROPICAL LEAFWING
Image_648.jpg,STRAITED QUEEN
Image_649.jpg,MONARCH
Image_650.jpg,SOUTHERN DOGFACE
Image_651.jpg,VICEROY
Image_652.jpg,PURPLE HAIRSTREAK
Image_653.jpg,AMERICAN SNOOT
Image_654.jpg,POPINJAY
Image_655.jpg,MALACHITE
Image_656.jpg,AMERICAN SNOOT
Image_657.jpg,ULYSES
Image_658.jpg,EASTERN COMA
Image_659.jpg,BANDED ORANGE HELICONIAN
Image_660.jpg,PAINTED LADY
Image_661.jpg,BANDED ORANGE HELICONIAN
Image_662.jpg,RED CRACKER
Image_663.jpg,BLUE MORPHO
Image_664.jpg,BECKERS WHITE
Image_665.jpg,EASTERN COMA
Image_666.jpg,ADONIS
Image_667.jpg,BLACK HAIRSTREAK
Image_668.jpg,COMMON WOOD-NYMPH
Image_669.jpg,PINE WHITE
Image_670.jpg,AFRICAN GIANT SWALLOWTAIL
Image_671.jpg,EASTERN PINE ELFIN
Image_672.jpg,LARGE MARBLE
Image_673.jpg,CHECQUERED SKIPPER
Image_674.jpg,QUESTION MARK
Image_675.jpg,CHESTNUT
Image_676.jpg,JULIA
Image_677.jpg,INDRA SWALLOW
Image_678.jpg,PAINTED LADY
Image_679.jpg,ELBOWED PIERROT
Image_680.jpg,TWO BARRED FLASHER
Image_681.jpg,STRAITED QUEEN
Image_682.jpg,CLODIUS PARNASSIAN
Image_683.jpg,COMMON BANDED AWL
Image_684.jpg,WOOD SATYR
Image_685.jpg,ORANGE TIP
Image_686.jpg,ORANGE OAKLEAF
Image_687.jpg,ULYSES
Image_688.jpg,PEACOCK
Image_689.jpg,PURPLISH COPPER
Image_690.jpg,GOLD BANDED
Image_691.jpg,TROPICAL LEAFWING
Image_692.jpg,YELLOW SWALLOW TAIL
Image_693.jpg,SOOTYWING
Image_694.jpg,MILBERTS TORTOISESHELL
Image_695.jpg,TROPICAL LEAFWING
Image_696.jpg,RED SPOTTED PURPLE
Image_697.jpg,GREAT EGGFLY
Image_698.jpg,MOURNING CLOAK
Image_699.jpg,BANDED PEACOCK
Image_700.jpg,TROPICAL LEAFWING
Image_701.jpg,BANDED PEACOCK
Image_702.jpg,METALMARK
Image_703.jpg,PURPLE HAIRSTREAK
Image_704.jpg,GOLD BANDED
Image_705.jpg,CLODIUS PARNASSIAN
Image_706.jpg,ORCHARD SWALLOW
Image_707.jpg,CLOUDED SULPHUR
Image_708.jpg,APPOLLO
Image_709.jpg,VICEROY
Image_710.jpg,LARGE MARBLE
Image_711.jpg,AMERICAN SNOOT
Image_712.jpg,PEACOCK
Image_713.jpg,VICEROY
Image_714.jpg,TWO BARRED FLASHER
Image_715.jpg,ZEBRA LONG WING
Image_716.jpg,SILVER SPOT SKIPPER
Image_717.jpg,MESTRA
Image_718.jpg,CRECENT
Image_719.jpg,RED POSTMAN
Image_720.jpg,SILVER SPOT SKIPPER
Image_721.jpg,CLODIUS PARNASSIAN
Image_722.jpg,POPINJAY
Image_723.jpg,CRECENT
Image_724.jpg,SLEEPY ORANGE
Image_725.jpg,BLUE SPOTTED CROW
Image_726.jpg,RED SPOTTED PURPLE
Image_727.jpg,COMMON WOOD-NYMPH
Image_728.jpg,STRAITED QUEEN
Image_729.jpg,CHECQUERED SKIPPER
Image_730.jpg,RED ADMIRAL
Image_731.jpg,MANGROVE SKIPPER
Image_732.jpg,COPPER TAIL
Image_733.jpg,ORANGE OAKLEAF
Image_734.jpg,JULIA
Image_735.jpg,ZEBRA LONG WING
Image_736.jpg,MALACHITE
Image_737.jpg,INDRA SWALLOW
Image_738.jpg,ELBOWED PIERROT
Image_739.jpg,MESTRA
Image_740.jpg,MOURNING CLOAK
Image_741.jpg,SILVER SPOT SKIPPER
Image_742.jpg,MOURNING CLOAK
Image_743.jpg,METALMARK
Image_744.jpg,ELBOWED PIERROT
Image_745.jpg,COMMON WOOD-NYMPH
Image_746.jpg,LARGE MARBLE
Image_747.jpg,BECKERS WHITE
Image_748.jpg,MILBERTS TORTOISESHELL
Image_749.jpg,CLEOPATRA
Image_750.jpg,ATALA
Image_751.jpg,PAPER KITE
Image_752.jpg,MALACHITE
Image_753.jpg,EASTERN COMA
Image_754.jpg,CLEOPATRA
Image_755.jpg,BLACK HAIRSTREAK
Image_756.jpg,COMMON BANDED AWL
Image_757.jpg,CRECENT
Image_758.jpg,BLUE SPOTTED CROW
Image_759.jpg,APPOLLO
Image_760.jpg,METALMARK
Image_761.jpg,TWO BARRED FLASHER
Image_762.jpg,CRIMSON PATCH
Image_763.jpg,SOUTHERN DOGFACE
Image_764.jpg,MOURNING CLOAK
Image_765.jpg,BROWN SIPROETA
Image_766.jpg,ATALA
Image_767.jpg,EASTERN DAPPLE WHITE
Image_768.jpg,JULIA
Image_769.jpg,MILBERTS TORTOISESHELL
Image_770.jpg,AMERICAN SNOOT
Image_771.jpg,ORANGE OAKLEAF
Image_772.jpg,MONARCH
Image_773.jpg,CAIRNS BIRDWING
Image_774.jpg,ADONIS
Image_775.jpg,BLUE SPOTTED CROW
Image_776.jpg,CLOUDED SULPHUR
Image_777.jpg,RED POSTMAN
Image_778.jpg,PURPLISH COPPER
Image_779.jpg,JULIA
Image_780.jpg,INDRA SWALLOW
Image_781.jpg,DANAID EGGFLY
Image_782.jpg,ORANGE TIP
Image_783.jpg,AN 88
Image_784.jpg,RED ADMIRAL
Image_785.jpg,COPPER TAIL
Image_786.jpg,EASTERN DAPPLE WHITE
Image_787.jpg,TROPICAL LEAFWING
Image_788.jpg,JULIA
Image_789.jpg,ORANGE TIP
Image_790.jpg,PURPLE HAIRSTREAK
Image_791.jpg,CHESTNUT
Image_792.jpg,GREY HAIRSTREAK
Image_793.jpg,BANDED ORANGE HELICONIAN
Image_794.jpg,LARGE MARBLE
Image_795.jpg,EASTERN COMA
Image_796.jpg,ADONIS
Image_797.jpg,ZEBRA LONG WING
Image_798.jpg,GREAT EGGFLY
Image_799.jpg,CABBAGE WHITE
Image_800.jpg,EASTERN COMA
Image_801.jpg,MESTRA
Image_802.jpg,SCARCE SWALLOW
Image_803.jpg,ORCHARD SWALLOW
Image_804.jpg,ULYSES
Image_805.jpg,IPHICLUS SISTER
Image_806.jpg,PURPLISH COPPER
Image_807.jpg,CRIMSON PATCH
Image_808.jpg,MOURNING CLOAK
Image_809.jpg,MOURNING CLOAK
Image_810.jpg,GOLD BANDED
Image_811.jpg,MOURNING CLOAK
Image_812.jpg,CABBAGE WHITE
Image_813.jpg,RED SPOTTED PURPLE
Image_814.jpg,LARGE MARBLE
Image_815.jpg,GREAT JAY
Image_816.jpg,COMMON WOOD-NYMPH
Image_817.jpg,LARGE MARBLE
Image_818.jpg,AN 88
Image_819.jpg,TWO BARRED FLASHER
Image_820.jpg,GREEN CELLED CATTLEHEART
Image_821.jpg,GREEN CELLED CATTLEHEART
Image_822.jpg,IPHICLUS SISTER
Image_823.jpg,BANDED PEACOCK
Image_824.jpg,EASTERN DAPPLE WHITE
Image_825.jpg,CHESTNUT
Image_826.jpg,MILBERTS TORTOISESHELL
Image_827.jpg,ULYSES
Image_828.jpg,BANDED ORANGE HELICONIAN
Image_829.jpg,ORANGE OAKLEAF
Image_830.jpg,ATALA
Image_831.jpg,MONARCH
Image_832.jpg,STRAITED QUEEN
Image_833.jpg,GREAT EGGFLY
Image_834.jpg,STRAITED QUEEN
Image_835.jpg,CLEOPATRA
Image_836.jpg,ORCHARD SWALLOW
Image_837.jpg,BLACK HAIRSTREAK
Image_838.jpg,PAINTED LADY
Image_839.jpg,ORCHARD SWALLOW
Image_840.jpg,IPHICLUS SISTER
Image_841.jpg,CRECENT
Image_842.jpg,ELBOWED PIERROT
Image_843.jpg,PINE WHITE
Image_844.jpg,INDRA SWALLOW
Image_845.jpg,COMMON BANDED AWL
Image_846.jpg,TWO BARRED FLASHER
Image_847.jpg,RED ADMIRAL
Image_848.jpg,ADONIS
Image_849.jpg,TROPICAL LEAFWING
Image_850.jpg,PINE WHITE
Image_851.jpg,ORANGE TIP
Image_852.jpg,AFRICAN GIANT SWALLOWTAIL
Image_853.jpg,POPINJAY
Image_854.jpg,EASTERN COMA
Image_855.jpg,VICEROY
Image_856.jpg,GREAT JAY
Image_857.jpg,PIPEVINE SWALLOW
Image_858.jpg,BANDED ORANGE HELICONIAN
Image_859.jpg,ORCHARD SWALLOW
Image_860.jpg,TROPICAL LEAFWING
Image_861.jpg,MILBERTS TORTOISESHELL
Image_862.jpg,BLACK HAIRSTREAK
Image_863.jpg,MALACHITE
Image_864.jpg,BLUE SPOTTED CROW
Image_865.jpg,MOURNING CLOAK
Image_866.jpg,RED CRACKER
Image_867.jpg,GREEN CELLED CATTLEHEART
Image_868.jpg,CLODIUS PARNASSIAN
Image_869.jpg,IPHICLUS SISTER
Image_870.jpg,SOUTHERN DOGFACE
Image_871.jpg,BROWN SIPROETA
Image_872.jpg,GREAT JAY
Image_873.jpg,CRIMSON PATCH
Image_874.jpg,EASTERN DAPPLE WHITE
Image_875.jpg,SCARCE SWALLOW
Image_876.jpg,CABBAGE WHITE
Image_877.jpg,RED SPOTTED PURPLE
Image_878.jpg,SCARCE SWALLOW
Image_879.jpg,MONARCH
Image_880.jpg,GOLD BANDED
Image_881.jpg,PURPLE HAIRSTREAK
Image_882.jpg,RED CRACKER
Image_883.jpg,MILBERTS TORTOISESHELL
Image_884.jpg,AN 88
Image_885.jpg,PAPER KITE
Image_886.jpg,JULIA
Image_887.jpg,PINE WHITE
Image_888.jpg,RED CRACKER
Image_889.jpg,INDRA SWALLOW
Image_890.jpg,ULYSES
Image_891.jpg,GREAT JAY
Image_892.jpg,CRECENT
Image_893.jpg,GREAT EGGFLY
Image_894.jpg,BLUE MORPHO
Image_895.jpg,CABBAGE WHITE
Image_896.jpg,SLEEPY ORANGE
Image_897.jpg,RED POSTMAN
Image_898.jpg,MESTRA
Image_899.jpg,BANDED ORANGE HELICONIAN
Image_900.jpg,WOOD SATYR
Image_901.jpg,ADONIS
Image_902.jpg,BANDED ORANGE HELICONIAN
Image_903.jpg,BLUE SPOTTED CROW
Image_904.jpg,PAPER KITE
Image_905.jpg,VICEROY
Image_906.jpg,CABBAGE WHITE
Image_907.jpg,ORANGE TIP
Image_908.jpg,QUESTION MARK
Image_909.jpg,EASTERN COMA
Image_910.jpg,GOLD BANDED
Image_911.jpg,EASTERN DAPPLE WHITE
Image_912.jpg,PINE WHITE
Image_913.jpg,LARGE MARBLE
Image_914.jpg,BANDED PEACOCK
Image_915.jpg,CLEOPATRA
Image_916.jpg,ORANGE TIP
Image_917.jpg,ADONIS
Image_918.jpg,SCARCE SWALLOW
Image_919.jpg,SILVER SPOT SKIPPER
Image_920.jpg,YELLOW SWALLOW TAIL
Image_921.jpg,BROWN SIPROETA
Image_922.jpg,MESTRA
Image_923.jpg,BLUE MORPHO
Image_924.jpg,GREEN CELLED CATTLEHEART
Image_925.jpg,VICEROY
Image_926.jpg,MESTRA
Image_927.jpg,ELBOWED PIERROT
Image_928.jpg,STRAITED QUEEN
Image_929.jpg,SOUTHERN DOGFACE
Image_930.jpg,PURPLISH COPPER
Image_931.jpg,POPINJAY
Image_932.jpg,BROWN SIPROETA
Image_933.jpg,YELLOW SWALLOW TAIL
Image_934.jpg,CAIRNS BIRDWING
Image_935.jpg,GREY HAIRSTREAK
Image_936.jpg,STRAITED QUEEN
Image_937.jpg,IPHICLUS SISTER
Image_938.jpg,GREAT EGGFLY
Image_939.jpg,MESTRA
Image_940.jpg,CHESTNUT
Image_941.jpg,POPINJAY
Image_942.jpg,GREEN CELLED CATTLEHEART
Image_943.jpg,CHECQUERED SKIPPER
Image_944.jpg,CLODIUS PARNASSIAN
Image_945.jpg,GREY HAIRSTREAK
Image_946.jpg,MANGROVE SKIPPER
Image_947.jpg,CHECQUERED SKIPPER
Image_948.jpg,BLACK HAIRSTREAK
Image_949.jpg,GREY HAIRSTREAK
Image_950.jpg,AFRICAN GIANT SWALLOWTAIL
Image_951.jpg,METALMARK
Image_952.jpg,MILBERTS TORTOISESHELL
Image_953.jpg,GREY HAIRSTREAK
Image_954.jpg,ORANGE TIP
Image_955.jpg,PURPLISH COPPER
Image_956.jpg,TROPICAL LEAFWING
Image_957.jpg,BANDED PEACOCK
Image_958.jpg,CAIRNS BIRDWING
Image_959.jpg,TWO BARRED FLASHER
Image_960.jpg,GOLD BANDED
Image_961.jpg,ORANGE TIP
Image_962.jpg,ATALA
Image_963.jpg,BANDED ORANGE HELICONIAN
Image_964.jpg,ADONIS
Image_965.jpg,CRIMSON PATCH
Image_966.jpg,ATALA
Image_967.jpg,COPPER TAIL
Image_968.jpg,PURPLISH COPPER
Image_969.jpg,BROWN SIPROETA
Image_970.jpg,CHESTNUT
Image_971.jpg,DANAID EGGFLY
Image_972.jpg,CHESTNUT
Image_973.jpg,BANDED PEACOCK
Image_974.jpg,PAINTED LADY
Image_975.jpg,PINE WHITE
Image_976.jpg,TROPICAL LEAFWING
Image_977.jpg,GREAT EGGFLY
Image_978.jpg,QUESTION MARK
Image_979.jpg,CAIRNS BIRDWING
Image_980.jpg,TROPICAL LEAFWING
Image_981.jpg,SILVER SPOT SKIPPER
Image_982.jpg,GREAT EGGFLY
Image_983.jpg,CHESTNUT
Image_984.jpg,SLEEPY ORANGE
Image_985.jpg,CHECQUERED SKIPPER
Image_986.jpg,MALACHITE
Image_987.jpg,METALMARK
Image_988.jpg,CHECQUERED SKIPPER
Image_989.jpg,PURPLE HAIRSTREAK
Image_990.jpg,COMMON WOOD-NYMPH
Image_991.jpg,AMERICAN SNOOT
Image_992.jpg,CHECQUERED SKIPPER
Image_993.jpg,TROPICAL LEAFWING
Image_994.jpg,BLUE MORPHO
Image_995.jpg,AFRICAN GIANT SWALLOWTAIL
Image_996.jpg,COPPER TAIL
Image_997.jpg,ORCHARD SWALLOW
Image_998.jpg,SLEEPY ORANGE
Image_999.jpg,QUESTION MARK
Image_1000.jpg,SLEEPY ORANGE
